{
  "nodes": {
    "derive-data#1": {
      "contentWidth": 471.97512306747035,
      "rfNode": {
        "position": {
          "x": 684,
          "y": 1492
        }
      },
      "sections": {
        "inputs": {
          "collapsed": {
            "instruction": {
              "[]": false
            }
          }
        }
      }
    },
    "+python#3": {
      "contentWidth": 560.5388391621203,
      "rfNode": {
        "position": {
          "x": 1276.5813225485458,
          "y": 1505
        }
      },
      "sections": {
        "scriptlet": {
          "cardCollapsed": true
        }
      }
    },
    "LLM#1": {
      "rfNode": {
        "position": {
          "x": 1901.3280533691157,
          "y": 1505
        }
      }
    },
    "read_files#1": {
      "contentWidth": 618.3167167376193,
      "rfNode": {
        "position": {
          "x": -12.88406977490098,
          "y": 1492
        }
      }
    },
    "result_chart#1": {
      "contentWidth": 1104.7762446804913,
      "rfNode": {
        "position": {
          "x": 1276.5813225485458,
          "y": 2161.2306927589134
        }
      }
    }
  }
}